[
    {
        "id": 1,
        "name": "Chalino",
        "color": "blanco",
        "especie": "abisinio",
        "edad": 3,
        "imageName": "Chalino"
    },
    {
        "id": 2,
        "name": "Charlie",
        "color": "negro",
        "especie": "belga",
        "edad": 5,
        "imageName": "charlie"
    },
    {
        "id": 3,
        "name": "Frijol",
        "color": "atigrado",
        "especie": "persa",
        "edad": 9,
        "imageName": "Frijol"
    },
    {
        "id": 4,
        "name": "Jacinto",
        "color": "amarillo",
        "especie": "pelo corto americano",
        "edad": 4,
        "imageName": "Jacinto"
    },
    {
        "id": 5,
        "name": "Kalid",
        "color": "barcino",
        "especie": "bombay",
        "edad": 7,
        "imageName": "kalid"
    }
]
